{"cameraMode":{"drawMode":0,"name":"Shaded","section":"Shading Mode"},"sceneLighting":false,"audioPlay":false,"sceneViewState":{"showFog":true,"showMaterialUpdate":false,"showSkybox":false,"showFlares":true,"showImageEffects":true,"showParticleSystems":true},"in2DMode":false,"pivot":{"x":-22.255468368530275,"y":-2.799999952316284,"z":4.61299991607666},"rotation":{"x":-0.39384549856185915,"y":-0.602887749671936,"z":0.4485122859477997,"w":-0.5294077396392822},"size":453.7941589355469,"orthographic":false}